{
  // "mongoURI": "mongodb+srv://myty:hjaBNbDA935fCQk2@mytycluster0.izyin.mongodb.net/<dbname>?replicaset=atlas-iw4emd-shard-0",
  // "dbname": "<dbname>",

  "mongoURI": "mongodb://localhost:27017/myty",
  "dbname": "myty",

  // "mongoURI": "mongodb://localhost:2717,localhost:2727/myty?replicaSet=myty",
  // "dbname": "myty",

  "expiry-duration-otp": 30,
  "jwtSecret": "doions_jwt_secret_development_purpose_only",

  "recaptcha_secret": "6Ld9KPEdAAAAAFH4gbNkWM7mIwV9To9cvvGKZNvN",

  "sendgrid_pwd": "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",

  "env": "prod",
  "port": 8080,
  "host": "mytym.in",

  // - main s3 credentials
  "region": "ap-south-1",
  "accessKeyId": "AKIASU5L2KHHSOZHQRHR",
  "secretAccessKey": "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",
  "bucketName": "mytyver1.0",

  // - test s3 credentials
  // "region": "us-east-1",
  // "accessKeyId": "AKIA4DU6QL24Q52V27MP",
  // "secretAccessKey": "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",
  // "bucketName": "storage-test-rupamkairi",

  // "GOOGLE_API_KEY": "Xe0B0lfz3os2pWeN7CqU4Dfvp6KdPwDA8Ka5Qg0y",
  "GOOGLE_API_KEY": "AIzaSyBByohd6TMF5CFJ1rKy8YTY-c15Giu7cn0",

  "currency_multiplier": 1200,
  "tax_multiplier": 1.18,

  "razorpay_key_id": "rzp_test_5dK2HoXM3eFo8T",
  "razorpay_key_secret": "WIPMUvuu8kr1zjcZ9d5mJJRQ",
  // "razorpay_key_id": "rzp_live_OMlVkPKpAyHiFl",
  // "razorpay_key_secret": "F4ii5sRJTvaevifuGmibhgj7",
  // "razorpay_webhook_secret": "MyTyRazorpayWebhook",

  "CLIENT_ID": "944497688297-m8h30q23fi9dbc7ujldg29eislchhq81.apps.googleusercontent.com",
  "SMS_OTP": "Guj4FCebTKmdsLQk9Sn0EwrhaV2Rqpfl7PYJtUNZv1xD3O6IczwJNKfFer7YpcdU4Wuntkz3xav1ybjX"
}